{"cameraMode":{"drawMode":0,"name":"Shaded","section":"Shading Mode"},"sceneLighting":true,"audioPlay":false,"sceneViewState":{"showFog":true,"showMaterialUpdate":false,"showSkybox":true,"showFlares":true,"showImageEffects":true,"showParticleSystems":true},"in2DMode":false,"pivot":{"x":-14.811895370483399,"y":1.382853627204895,"z":-9.170051574707032},"rotation":{"x":0.08698126673698425,"y":-0.8048208355903626,"z":0.12189152091741562,"w":0.574317216873169},"size":7.346584320068359,"orthographic":true}