{"cameraMode":{"drawMode":0,"name":"Shaded","section":"Shading Mode"},"sceneLighting":true,"audioPlay":false,"sceneViewState":{"showFog":true,"showMaterialUpdate":false,"showSkybox":true,"showFlares":true,"showImageEffects":true,"showParticleSystems":true},"in2DMode":false,"pivot":{"x":-13.764847755432129,"y":1.9187450408935547,"z":-11.640127182006836},"rotation":{"x":0.06625735759735108,"y":0.010474198497831822,"z":-0.0006947677466087043,"w":0.9977474212646484},"size":2.5717906951904299,"orthographic":true}