{"cameraMode":{"drawMode":0,"name":"Shaded","section":"Shading Mode"},"sceneLighting":false,"audioPlay":false,"sceneViewState":{"showFog":true,"showMaterialUpdate":false,"showSkybox":true,"showFlares":true,"showImageEffects":true,"showParticleSystems":true},"in2DMode":false,"pivot":{"x":-14.587503433227539,"y":0.7725645899772644,"z":-10.781517028808594},"rotation":{"x":-0.17337140440940858,"y":-0.2515711784362793,"z":0.04585852846503258,"w":-0.9510790705680847},"size":3.5370469093322756,"orthographic":true}