{"cameraMode":{"drawMode":0,"name":"Shaded","section":"Shading Mode"},"sceneLighting":true,"audioPlay":false,"sceneViewState":{"showFog":true,"showMaterialUpdate":false,"showSkybox":true,"showFlares":true,"showImageEffects":true,"showParticleSystems":true},"in2DMode":false,"pivot":{"x":3.944342613220215,"y":8.909832000732422,"z":-10.62160873413086},"rotation":{"x":0.16204698383808137,"y":0.8379486203193665,"z":-0.3700012266635895,"w":0.3669905364513397},"size":19.350114822387697,"orthographic":true}