{"cameraMode":{"drawMode":0,"name":"Shaded","section":"Shading Mode"},"sceneLighting":true,"audioPlay":false,"sceneViewState":{"showFog":true,"showMaterialUpdate":false,"showSkybox":true,"showFlares":true,"showImageEffects":true,"showParticleSystems":true},"in2DMode":false,"pivot":{"x":-13.529999732971192,"y":1.2800002098083497,"z":-10.760000228881836},"rotation":{"x":0.08247751742601395,"y":0.5522233247756958,"z":-0.055022161453962329,"w":0.8277798295021057},"size":4.739264488220215,"orthographic":true}