{"cameraMode":{"drawMode":0,"name":"Shaded","section":"Shading Mode"},"sceneLighting":true,"audioPlay":false,"sceneViewState":{"showFog":true,"showMaterialUpdate":false,"showSkybox":true,"showFlares":true,"showImageEffects":true,"showParticleSystems":true},"in2DMode":false,"pivot":{"x":-16.260000228881837,"y":2.2350001335144045,"z":-20.690000534057618},"rotation":{"x":-0.11883844435214997,"y":-0.6493403911590576,"z":0.10372355580329895,"w":-0.7439596652984619},"size":15.614592552185059,"orthographic":false}