{"cameraMode":{"drawMode":0,"name":"Shaded","section":"Shading Mode"},"sceneLighting":false,"audioPlay":false,"sceneViewState":{"showFog":true,"showMaterialUpdate":false,"showSkybox":true,"showFlares":true,"showImageEffects":true,"showParticleSystems":true},"in2DMode":false,"pivot":{"x":-3.4600000381469728,"y":2.1299962997436525,"z":5.699999809265137},"rotation":{"x":0.03800136223435402,"y":0.9603764414787293,"z":-0.16466675698757173,"w":0.22162537276744843},"size":23.464921951293947,"orthographic":true}