{"cameraMode":{"drawMode":0,"name":"Shaded","section":"Shading Mode"},"sceneLighting":false,"audioPlay":false,"sceneViewState":{"showFog":true,"showMaterialUpdate":false,"showSkybox":true,"showFlares":true,"showImageEffects":true,"showParticleSystems":true},"in2DMode":false,"pivot":{"x":-3.7454376220703127,"y":-1.498587727546692,"z":-2.1610348224639894},"rotation":{"x":-0.11145181953907013,"y":0.8031081557273865,"z":-0.15888769924640656,"w":-0.5633386969566345},"size":14.599915504455567,"orthographic":false}