{"cameraMode":{"drawMode":0,"name":"Shaded","section":"Shading Mode"},"sceneLighting":true,"audioPlay":false,"sceneViewState":{"showFog":true,"showMaterialUpdate":false,"showSkybox":true,"showFlares":true,"showImageEffects":true,"showParticleSystems":true},"in2DMode":false,"pivot":{"x":-159.8091583251953,"y":-0.346038818359375,"z":-131.25955200195313},"rotation":{"x":0.1696474403142929,"y":-0.5774136781692505,"z":0.12416733056306839,"w":0.7889206409454346},"size":288.254150390625,"orthographic":false}