{"cameraMode":{"drawMode":0,"name":"Shaded","section":"Shading Mode"},"sceneLighting":true,"audioPlay":false,"sceneViewState":{"showFog":true,"showMaterialUpdate":false,"showSkybox":true,"showFlares":true,"showImageEffects":true,"showParticleSystems":true},"in2DMode":false,"pivot":{"x":-68.75682067871094,"y":17.30917739868164,"z":-33.04433822631836},"rotation":{"x":-0.009417823515832425,"y":-0.9740570783615112,"z":0.04125058278441429,"w":-0.22231166064739228},"size":77.35726165771485,"orthographic":false}