{"cameraMode":{"drawMode":0,"name":"Shaded","section":"Shading Mode"},"sceneLighting":false,"audioPlay":false,"sceneViewState":{"showFog":true,"showMaterialUpdate":false,"showSkybox":true,"showFlares":true,"showImageEffects":true,"showParticleSystems":true},"in2DMode":false,"pivot":{"x":2.15789794921875,"y":0.9338984489440918,"z":-2.752934217453003},"rotation":{"x":-0.1598546802997589,"y":0.6895828247070313,"z":-0.16023869812488557,"w":-0.6879284977912903},"size":13.664111137390137,"orthographic":false}